Date,Close
Ticker,AAPL
Date,AAPL
2015-01-02,24.237550735473633
2015-01-05,23.554737091064453
2015-01-06,23.55695915222168
2015-01-07,23.88727378845215
2015-01-08,24.805078506469727
2015-01-09,24.83168601989746
2015-01-12,24.21982192993164
2015-01-13,24.434858322143555
2015-01-14,24.341747283935547
2015-01-15,23.681106567382812
2015-01-16,23.497095108032227
2015-01-20,24.102312088012695
2015-01-21,24.28632164001465
2015-01-22,24.91814422607422
2015-01-23,25.04672622680664
2015-01-26,25.07332992553711
2015-01-27,24.1954345703125
2015-01-28,25.563268661499023
2015-01-29,26.3591365814209
2015-01-30,25.973400115966797
2015-02-02,26.299285888671875
2015-02-03,26.30371856689453
2015-02-04,26.505455017089844
2015-02-05,26.694637298583984
2015-02-06,26.469846725463867
2015-02-09,26.645671844482422
2015-02-10,27.157581329345703
2015-02-11,27.79411506652832
2015-02-12,28.145769119262695
2015-02-13,28.283761978149414
2015-02-17,28.45069122314453
2015-02-18,28.648773193359375
2015-02-19,28.588680267333984
2015-02-20,28.822372436523438
2015-02-23,29.601354598999023
2015-02-24,29.416629791259766
2015-02-25,28.664344787597656
2015-02-26,29.027137756347656
2015-02-27,28.590911865234375
2015-03-02,28.731122970581055
2015-03-03,28.79121971130371
2015-03-04,28.608713150024414
2015-03-05,28.134647369384766
2015-03-06,28.176931381225586
2015-03-09,28.297115325927734
2015-03-10,27.711767196655273
2015-03-11,27.206546783447266
2015-03-12,27.69841194152832
2015-03-13,27.50701141357422
2015-03-16,27.80970001220703
2015-03-17,28.274860382080078
2015-03-18,28.593137741088867
2015-03-19,28.377235412597656
2015-03-20,28.021133422851562
2015-03-23,28.312694549560547
2015-03-24,28.196962356567383
2015-03-25,27.46027183532715
2015-03-26,27.65167808532715
2015-03-27,27.431333541870117
2015-03-30,28.125747680664062
2015-03-31,27.693967819213867
2015-04-01,27.65389633178711
2015-04-02,27.892045974731445
2015-04-06,28.3438663482666
2015-04-07,28.045621871948242
2015-04-08,27.954368591308594
2015-04-09,28.168025970458984
2015-04-10,28.288217544555664
2015-04-13,28.23257064819336
2015-04-14,28.11016273498535
2015-04-15,28.216997146606445
2015-04-16,28.08122444152832
2015-04-17,27.765180587768555
2015-04-20,28.399497985839844
2015-04-21,28.24593162536621
2015-04-22,28.626522064208984
2015-04-23,28.86020278930664
2015-04-24,28.9959774017334
2015-04-27,29.523452758789062
2015-04-28,29.058300018310547
2015-04-29,28.63096046447754
2015-04-30,27.854209899902344
2015-05-01,28.69996452331543
2015-05-04,28.64432716369629
2015-05-05,27.99888038635254
2015-05-06,27.823055267333984
2015-05-07,27.995145797729492
2015-05-08,28.522602081298828
2015-05-11,28.23204803466797
2015-05-12,28.13147735595703
2015-05-13,28.162763595581055
2015-05-14,28.819849014282227
2015-05-15,28.779617309570312
2015-05-18,29.096981048583984
2015-05-19,29.070159912109375
2015-05-20,29.067920684814453
2015-05-21,29.365169525146484
2015-05-22,29.622190475463867
2015-05-26,28.969585418701172
2015-05-27,29.510454177856445
2015-05-28,29.45233726501465
2015-05-29,29.117097854614258
2015-06-01,29.175207138061523
2015-06-02,29.04557991027832
2015-06-03,29.081340789794922
2015-06-04,28.911479949951172
2015-06-05,28.7528018951416
2015-06-08,28.562822341918945
2015-06-09,28.477890014648438
2015-06-10,28.804203033447266
2015-06-11,28.73938751220703
2015-06-12,28.42202377319336
2015-06-15,28.36614990234375
2015-06-16,28.518131256103516
2015-06-17,28.451078414916992
2015-06-18,28.580705642700195
2015-06-19,28.294635772705078
2015-06-22,28.520362854003906
2015-06-23,28.39073944091797
2015-06-24,28.632110595703125
2015-06-25,28.495771408081055
2015-06-26,28.32815933227539
2015-06-29,27.832000732421875
2015-06-30,28.033138275146484
2015-07-01,28.294635772705078
2015-07-02,28.25887680053711
2015-07-06,28.160531997680664
2015-07-07,28.09124755859375
2015-07-08,27.393939971923828
2015-07-09,26.83519744873047
2015-07-10,27.55262565612793
2015-07-13,28.08453941345215
2015-07-14,28.073368072509766
2015-07-15,28.34380340576172
2015-07-16,28.721511840820312
2015-07-17,28.969585418701172
2015-07-20,29.51715660095215
2015-07-21,29.22214126586914
2015-07-22,27.9862060546875
2015-07-23,27.972793579101562
2015-07-24,27.82529067993164
2015-07-27,27.438640594482422
2015-07-28,27.574970245361328
2015-07-29,27.487804412841797
2015-07-30,27.3492374420166
2015-07-31,27.110095977783203
2015-08-03,26.470903396606445
2015-08-04,25.621610641479492
2015-08-05,25.79146957397461
2015-08-06,25.847597122192383
2015-08-07,25.935155868530273
2015-08-10,26.878089904785156
2015-08-11,25.479408264160156
2015-08-12,25.872291564941406
2015-08-13,25.852083206176758
2015-08-14,26.033939361572266
2015-08-17,26.3033504486084
2015-08-18,26.15517234802246
2015-08-19,25.820659637451172
2015-08-20,25.29081916809082
2015-08-21,23.743959426879883
2015-08-24,23.15125274658203
2015-08-25,23.290451049804688
2015-08-26,24.626272201538086
2015-08-27,25.351438522338867
2015-08-28,25.43450164794922
2015-08-31,25.31551742553711
2015-09-01,24.183996200561523
2015-09-02,25.22121810913086
2015-09-03,24.778942108154297
2015-09-04,24.531982421875
2015-09-08,25.214481353759766
2015-09-09,24.729543685913086
2015-09-10,25.27285385131836
2015-09-11,25.641050338745117
2015-09-14,25.88800621032715
2015-09-15,26.105785369873047
2015-09-16,26.134971618652344
2015-09-17,25.57594108581543
2015-09-18,25.470420837402344
2015-09-21,25.86556053161621
2015-09-22,25.459199905395508
2015-09-23,25.66574478149414
2015-09-24,25.81841468811035
2015-09-25,25.753307342529297
2015-09-28,25.243671417236328
2015-09-29,24.48483657836914
2015-09-30,24.763229370117188
2015-10-01,24.60158348083496
2015-10-02,24.78118324279785
2015-10-05,24.870983123779297
2015-10-06,24.98997688293457
2015-10-07,24.870983123779297
2015-10-08,24.583620071411133
2015-10-09,25.17182731628418
2015-10-12,25.055086135864258
2015-10-13,25.097740173339844
2015-10-14,24.74301528930664
2015-10-15,25.113452911376953
2015-10-16,24.929357528686523
2015-10-19,25.084274291992188
2015-10-20,25.542272567749023
2015-10-21,25.540023803710938
2015-10-22,25.930665969848633
2015-10-23,26.73440170288086
2015-10-26,25.881271362304688
2015-10-27,25.71738052368164
2015-10-28,26.777061462402344
2015-10-29,27.059938430786133
2015-10-30,26.82870101928711
2015-11-02,27.205869674682617
2015-11-03,27.51793670654297
2015-11-04,27.38996696472168
2015-11-05,27.26369857788086
2015-11-06,27.29527473449707
2015-11-09,27.184789657592773
2015-11-10,26.328004837036133
2015-11-11,26.1792049407959
2015-11-12,26.091272354125977
2015-11-13,25.329181671142578
2015-11-16,25.744054794311523
2015-11-17,25.633562088012695
2015-11-18,26.445249557495117
2015-11-19,26.781200408935547
2015-11-20,26.89844512939453
2015-11-23,26.548965454101562
2015-11-24,26.803749084472656
2015-11-25,26.61210060119629
2015-11-27,26.56249237060547
2015-11-30,26.672977447509766
2015-12-01,26.456525802612305
2015-12-02,26.21752166748047
2015-12-03,25.97402000427246
2015-12-04,26.837568283081055
2015-12-07,26.6684627532959
2015-12-08,26.657197952270508
2015-12-09,26.0687198638916
2015-12-10,26.19272804260254
2015-12-11,25.518573760986328
2015-12-14,25.360748291015625
2015-12-15,24.912065505981445
2015-12-16,25.103710174560547
2015-12-17,24.57160186767578
2015-12-18,23.906476974487305
2015-12-21,24.1995849609375
2015-12-22,24.177030563354492
2015-12-23,24.488178253173828
2015-12-24,24.35740852355957
2015-12-28,24.084590911865234
2015-12-29,24.51749038696289
2015-12-30,24.197328567504883
2015-12-31,23.732866287231445
2016-01-04,23.75315284729004
2016-01-05,23.15790557861328
2016-01-06,22.7047176361084
2016-01-07,21.746475219726562
2016-01-08,21.861467361450195
2016-01-11,22.2154541015625
2016-01-12,22.53787612915039
2016-01-13,21.95842170715332
2016-01-14,22.43866539001465
2016-01-15,21.89979362487793
2016-01-19,21.7938289642334
2016-01-20,21.82314109802246
2016-01-21,21.712657928466797
2016-01-22,22.8670597076416
2016-01-25,22.42062759399414
2016-01-26,22.544635772705078
2016-01-27,21.06330680847168
2016-01-28,21.214372634887695
2016-01-29,21.94715118408203
2016-02-01,21.741971969604492
2016-02-02,21.30230140686035
2016-02-03,21.723934173583984
2016-02-04,21.898483276367188
2016-02-05,21.31361961364746
2016-02-08,21.538040161132812
2016-02-09,21.53350830078125
2016-02-10,21.370288848876953
2016-02-11,21.24107551574707
2016-02-12,21.306806564331055
2016-02-16,21.907550811767578
2016-02-17,22.243057250976562
2016-02-18,21.821409225463867
2016-02-19,21.77153778076172
2016-02-22,21.961957931518555
2016-02-23,21.465496063232422
2016-02-24,21.785133361816406
2016-02-25,21.934755325317383
2016-02-26,21.968761444091797
2016-02-29,21.918886184692383
2016-03-01,22.789386749267578
2016-03-02,22.83925437927246
2016-03-03,23.009275436401367
2016-03-04,23.35158348083496
2016-03-07,23.09315299987793
2016-03-08,22.90273094177246
2016-03-09,22.92313575744629
2016-03-10,22.934471130371094
2016-03-11,23.181562423706055
2016-03-14,23.240501403808594
2016-03-15,23.70749282836914
2016-03-16,24.022581100463867
2016-03-17,23.984054565429688
2016-03-18,24.011255264282227
2016-03-21,24.00899314880371
2016-03-22,24.192615509033203
2016-03-23,24.058860778808594
2016-03-24,23.954580307006836
2016-03-28,23.845775604248047
2016-03-29,24.41023063659668
2016-03-30,24.836414337158203
2016-03-31,24.707202911376953
2016-04-01,24.93389320373535
2016-04-04,25.190053939819336
2016-04-05,24.893091201782227
2016-04-06,25.15378761291504
2016-04-07,24.60519027709961
2016-04-08,24.63239288330078
2016-04-11,24.714008331298828
2016-04-12,25.035907745361328
2016-04-13,25.398618698120117
2016-04-14,25.412221908569336
2016-04-15,24.902158737182617
2016-04-18,24.364896774291992
2016-04-19,24.235687255859375
2016-04-20,24.285554885864258
2016-04-21,24.022581100463867
2016-04-22,23.95685386657715
2016-04-25,23.820831298828125
2016-04-26,23.65535545349121
2016-04-27,22.175045013427734
2016-04-28,21.497241973876953
2016-04-29,21.25014305114746
2016-05-02,21.227479934692383
2016-05-03,21.57657814025879
2016-05-04,21.352155685424805
2016-05-05,21.265487670898438
2016-05-06,21.14689064025879
2016-05-09,21.162860870361328
2016-05-10,21.306541442871094
2016-05-11,21.099000930786133
2016-05-12,20.604082107543945
2016-05-13,20.645130157470703
2016-05-16,21.411453247070312
2016-05-17,21.3225040435791
2016-05-18,21.566539764404297
2016-05-19,21.484432220458984
2016-05-20,21.717071533203125
2016-05-23,21.9930419921875
2016-05-24,22.328306198120117
2016-05-25,22.720596313476562
2016-05-26,22.90077018737793
2016-05-27,22.887081146240234
2016-05-31,22.77532958984375
2016-06-01,22.45602798461914
2016-06-02,22.28725242614746
2016-06-03,22.33286476135254
2016-06-06,22.494796752929688
2016-06-07,22.586027145385742
2016-06-08,22.565502166748047
2016-06-09,22.727434158325195
2016-06-10,22.5404109954834
2016-06-13,22.200584411621094
2016-06-14,22.227956771850586
2016-06-15,22.154972076416016
2016-06-16,22.248483657836914
2016-06-17,21.742158889770508
2016-06-20,21.689706802368164
2016-06-21,21.87444305419922
2016-06-22,21.79233741760254
2016-06-23,21.917768478393555
2016-06-24,21.301982879638672
2016-06-27,20.991806030273438
2016-06-28,21.34531593322754
2016-06-29,21.53005027770996
2016-06-30,21.80373191833496
2016-07-01,21.869882583618164
2016-07-05,21.664615631103516
2016-07-06,21.787776947021484
2016-07-07,21.881288528442383
2016-07-08,22.05005645751953
2016-07-11,22.11847686767578
2016-07-12,22.218833923339844
2016-07-13,22.09339141845703
2016-07-14,22.531291961669922
2016-07-15,22.52900505065918
2016-07-18,22.76848793029785
2016-07-19,22.777612686157227
2016-07-20,22.798137664794922
2016-07-21,22.67725372314453
2016-07-22,22.50164222717285
2016-07-25,22.200584411621094
2016-07-26,22.047780990600586
2016-07-27,23.480073928833008
2016-07-28,23.79709815979004
2016-07-29,23.767444610595703
2016-08-01,24.187095642089844
2016-08-02,23.82901954650879
2016-08-03,24.127803802490234
2016-08-04,24.276857376098633
2016-08-05,24.646039962768555
2016-08-08,24.850114822387695
2016-08-09,24.95101547241211
2016-08-10,24.765283584594727
2016-08-11,24.749225616455078
2016-08-12,24.806549072265625
2016-08-15,25.104652404785156
2016-08-16,25.08171844482422
2016-08-17,25.045026779174805
2016-08-18,25.012924194335938
2016-08-19,25.07713508605957
2016-08-22,24.882221221923828
2016-08-23,24.960187911987305
2016-08-24,24.772157669067383
2016-08-25,24.666675567626953
2016-08-26,24.522212982177734
2016-08-29,24.494693756103516
2016-08-30,24.306659698486328
2016-08-31,24.329591751098633
2016-09-01,24.474050521850586
2016-09-02,24.70336151123047
2016-09-06,24.696481704711914
2016-09-07,24.847829818725586
2016-09-08,24.19658660888672
2016-09-09,23.648540496826172
2016-09-12,24.178247451782227
2016-09-13,24.753808975219727
2016-09-14,25.62976837158203
2016-09-15,26.50113296508789
2016-09-16,26.352083206176758
2016-09-19,26.044816970825195
2016-09-20,26.04252052307129
2016-09-21,26.037939071655273
2016-09-22,26.283294677734375
2016-09-23,25.845317840576172
2016-09-26,25.884300231933594
2016-09-27,25.93245506286621
2016-09-28,26.129653930664062
2016-09-29,25.723785400390625
2016-09-30,25.923288345336914
2016-10-03,25.80174446105957
2016-10-04,25.911815643310547
2016-10-05,25.923288345336914
2016-10-06,26.11589813232422
2016-10-07,26.15488624572754
2016-10-10,26.611209869384766
2016-10-11,26.668533325195312
2016-10-12,26.907005310058594
2016-10-13,26.824466705322266
2016-10-14,26.973512649536133
2016-10-17,26.955169677734375
2016-10-18,26.936824798583984
2016-10-19,26.856563568115234
2016-10-20,26.842805862426758
2016-10-21,26.737323760986328
2016-10-24,26.97810173034668
2016-10-25,27.115684509277344
2016-10-26,26.505720138549805
2016-10-27,26.251190185546875
2016-10-28,26.076923370361328
2016-10-31,26.035642623901367
2016-11-01,25.56556510925293
2016-11-02,25.588491439819336
2016-11-03,25.3142147064209
2016-11-04,25.086030960083008
2016-11-07,25.447895050048828
2016-11-08,25.59771156311035
2016-11-09,25.55622100830078
2016-11-10,24.844024658203125
2016-11-11,24.991531372070312
2016-11-14,24.36461067199707
2016-11-15,24.687294006347656
2016-11-16,25.351091384887695
2016-11-17,25.341875076293945
2016-11-18,25.367225646972656
2016-11-21,25.752140045166016
2016-11-22,25.768272399902344
2016-11-23,25.63689613342285
2016-11-25,25.76596450805664
2016-11-28,25.71525764465332
2016-11-29,25.68990707397461
2016-11-30,25.473249435424805
2016-12-01,25.2358455657959
2016-12-02,25.330347061157227
2016-12-05,25.148263931274414
2016-12-06,25.341875076293945
2016-12-07,25.59079360961914
2016-12-08,25.842025756835938
2016-12-09,26.263811111450195
2016-12-12,26.114002227783203
2016-12-13,26.54961395263672
2016-12-14,26.54961395263672
2016-12-15,26.694820404052734
2016-12-16,26.729389190673828
2016-12-19,26.883821487426758
2016-12-20,26.955270767211914
2016-12-21,26.980621337890625
2016-12-22,26.80315399169922
2016-12-23,26.856164932250977
2016-12-27,27.026718139648438
2016-12-28,26.911476135253906
2016-12-29,26.904565811157227
2016-12-30,26.694820404052734
2017-01-03,26.770883560180664
2017-01-04,26.740917205810547
2017-01-05,26.876901626586914
2017-01-06,27.17654037475586
2017-01-09,27.42545509338379
2017-01-10,27.4531192779541
2017-01-11,27.600629806518555
2017-01-12,27.485383987426758
2017-01-13,27.43699073791504
2017-01-17,27.65825080871582
2017-01-18,27.65595054626465
2017-01-19,27.6075439453125
2017-01-20,27.65825080871582
2017-01-23,27.67669677734375
2017-01-24,27.651342391967773
2017-01-25,28.09156608581543
2017-01-26,28.10539436340332
2017-01-27,28.107694625854492
2017-01-30,28.03394317626953
2017-01-31,27.96940040588379
2017-02-01,29.67499351501465
2017-02-02,29.62429428100586
2017-02-03,29.751056671142578
2017-02-06,30.029945373535156
2017-02-07,30.315752029418945
2017-02-08,30.43329620361328
2017-02-09,30.6532039642334
2017-02-10,30.583757400512695
2017-02-13,30.854604721069336
2017-02-14,31.25506019592285
2017-02-15,31.36849021911621
2017-02-16,31.331459045410156
2017-02-17,31.417098999023438
2017-02-21,31.643972396850586
2017-02-22,31.73886489868164
2017-02-23,31.60460090637207
2017-02-24,31.634708404541016
2017-02-27,31.697195053100586
2017-02-28,31.711095809936523
2017-03-01,32.3592414855957
2017-03-02,32.167110443115234
2017-03-03,32.3569221496582
2017-03-06,32.25508117675781
2017-03-07,32.29674530029297
2017-03-08,32.17637252807617
2017-03-09,32.102294921875
2017-03-10,32.20878982543945
2017-03-13,32.2226676940918
2017-03-14,32.17405700683594
2017-03-15,32.51435852050781
2017-03-16,32.567569732666016
2017-03-17,32.40553283691406
2017-03-20,32.74582290649414
2017-03-21,32.37082290649414
2017-03-22,32.736572265625
2017-03-23,32.6208381652832
2017-03-24,32.55601501464844
2017-03-27,32.6115608215332
2017-03-28,33.28752136230469
2017-03-29,33.36158752441406
2017-03-30,33.31759262084961
2017-03-31,33.255088806152344
2017-04-03,33.26435089111328
2017-04-04,33.51203155517578
2017-04-05,33.33843994140625
2017-04-06,33.255088806152344
2017-04-07,33.181007385253906
2017-04-10,33.14167022705078
2017-04-11,32.78517532348633
2017-04-12,32.82453536987305
2017-04-13,32.65092086791992
2017-04-17,32.831478118896484
2017-04-18,32.685630798339844
2017-04-19,32.565269470214844
2017-04-20,32.972686767578125
2017-04-21,32.93333053588867
2017-04-24,33.250465393066406
2017-04-25,33.45648956298828
2017-04-26,33.25971603393555
2017-04-27,33.285179138183594
2017-04-28,33.25278091430664
2017-05-01,33.93102264404297
2017-05-02,34.14630126953125
2017-05-03,34.042144775390625
2017-05-04,33.91946029663086
2017-05-05,34.48195266723633
2017-05-08,35.41948318481445
2017-05-09,35.64632797241211
2017-05-10,35.477352142333984
2017-05-11,35.7841682434082
2017-05-12,36.283912658691406
2017-05-15,36.190940856933594
2017-05-16,36.13747787475586
2017-05-17,34.92414855957031
2017-05-18,35.45642852783203
2017-05-19,35.57730484008789
2017-05-22,35.79346466064453
2017-05-23,35.749305725097656
2017-05-24,35.64237594604492
2017-05-25,35.76557159423828
2017-05-26,35.70514678955078
2017-05-30,35.719078063964844
2017-05-31,35.50756072998047
2017-06-01,35.60518264770508
2017-06-02,36.132835388183594
2017-06-05,35.77952575683594
2017-06-06,35.900390625
2017-06-07,36.114227294921875
2017-06-08,36.02591323852539
2017-06-09,34.62894058227539
2017-06-12,33.80146408081055
2017-06-13,34.07341003417969
2017-06-14,33.741031646728516
2017-06-15,33.53879165649414
2017-06-16,33.06926727294922
2017-06-19,34.01530075073242
2017-06-20,33.70615005493164
2017-06-21,33.90604782104492
2017-06-22,33.85028076171875
2017-06-23,34.00135040283203
2017-06-26,33.89443588256836
2017-06-27,33.40863800048828
2017-06-28,33.896759033203125
2017-06-29,33.396995544433594
2017-06-30,33.476043701171875
2017-07-03,33.35516357421875
2017-07-05,33.4922981262207
2017-07-06,33.176185607910156
2017-07-07,33.51322937011719
2017-07-10,33.71776580810547
2017-07-11,33.8270263671875
2017-07-12,33.87583541870117
2017-07-13,34.347694396972656
2017-07-14,34.642887115478516
2017-07-17,34.76374816894531
2017-07-18,34.88462448120117
2017-07-19,35.103118896484375
2017-07-20,34.94504165649414
2017-07-21,34.928802490234375
2017-07-24,35.35182189941406
2017-07-25,35.50291442871094
2017-07-26,35.6702766418457
2017-07-27,34.99619674682617
2017-07-28,34.74980926513672
2017-07-31,34.570823669433594
2017-08-01,34.87765121459961
2017-08-02,36.525657653808594
2017-08-03,36.16071701049805
2017-08-04,36.351322174072266
2017-08-07,36.91383361816406
2017-08-08,37.209022521972656
2017-08-09,37.43681335449219
2017-08-10,36.244388580322266
2017-08-11,36.7484245300293
2017-08-14,37.30147933959961
2017-08-15,37.709842681884766
2017-08-16,37.55815124511719
2017-08-17,36.83709716796875
2017-08-18,36.75308609008789
2017-08-21,36.685428619384766
2017-08-22,37.2851448059082
2017-08-23,37.33179473876953
2017-08-24,37.166133880615234
2017-08-25,37.30379867553711
2017-08-28,37.67951202392578
2017-08-29,38.015533447265625
2017-08-30,38.11821365356445
2017-08-31,38.2698974609375
2017-09-01,38.28156280517578
2017-09-05,37.82185363769531
2017-09-06,37.78218078613281
2017-09-07,37.630496978759766
2017-09-08,37.01677322387695
2017-09-11,37.68651580810547
2017-09-12,37.53715515136719
2017-09-13,37.25479507446289
2017-09-14,36.93511199951172
2017-09-15,37.30847930908203
2017-09-18,37.026123046875
2017-09-19,37.04011917114258
2017-09-20,36.41939926147461
2017-09-21,35.794010162353516
2017-09-22,35.44398880004883
2017-09-25,35.131290435791016
2017-09-26,35.735679626464844
2017-09-27,35.99003982543945
2017-09-28,35.768348693847656
2017-09-29,35.96435546875
2017-10-02,35.89201736450195
2017-10-03,36.04836654663086
2017-10-04,35.81501007080078
2017-10-05,36.260719299316406
2017-10-06,36.23971939086914
2017-10-09,36.36573028564453
2017-10-10,36.379722595214844
2017-10-11,36.53141784667969
2017-10-12,36.4030647277832
2017-10-13,36.63407897949219
2017-10-16,37.30847930908203
2017-10-17,37.44615173339844
2017-10-18,37.28047180175781
2017-10-19,36.39840316772461
2017-10-20,36.461402893066406
2017-10-23,36.4427375793457
2017-10-24,36.65976333618164
2017-10-25,36.49873733520508
2017-10-26,36.732093811035156
2017-10-27,38.04821014404297
2017-10-30,38.90460968017578
2017-10-31,39.445980072021484
2017-11-01,38.944271087646484
2017-11-02,39.228965759277344
2017-11-03,40.25337600708008
2017-11-06,40.66176223754883
2017-11-07,40.792449951171875
2017-11-08,41.126136779785156
2017-11-09,41.04212188720703
2017-11-10,40.906288146972656
2017-11-13,40.74235916137695
2017-11-14,40.12643814086914
2017-11-15,39.597164154052734
2017-11-16,40.07022476196289
2017-11-17,39.847740173339844
2017-11-20,39.80792999267578
2017-11-21,40.54798126220703
2017-11-22,40.97421646118164
2017-11-24,40.976558685302734
2017-11-27,40.77046203613281
2017-11-28,40.53158950805664
2017-11-29,39.69084167480469
2017-11-30,40.24587631225586
2017-12-01,40.058509826660156
2017-12-04,39.765777587890625
2017-12-05,39.728302001953125
2017-12-06,39.580753326416016
2017-12-07,39.65337371826172
2017-12-08,39.665069580078125
2017-12-11,40.43791961669922
2017-12-12,40.210750579833984
2017-12-13,40.34423065185547
2017-12-14,40.332515716552734
2017-12-15,40.74235916137695
2017-12-18,41.316131591796875
2017-12-19,40.87583923339844
2017-12-20,40.83135223388672
2017-12-21,40.98591613769531
2017-12-22,40.98591613769531
2017-12-26,39.946109771728516
2017-12-27,39.95313262939453
2017-12-28,40.06554412841797
2017-12-29,39.63228225708008
2018-01-02,40.34189224243164
2018-01-03,40.334869384765625
2018-01-04,40.5222053527832
2018-01-05,40.983577728271484
2018-01-08,40.83135223388672
2018-01-09,40.826663970947266
2018-01-10,40.81730651855469
2018-01-11,41.04914093017578
2018-01-12,41.473026275634766
2018-01-16,41.262271881103516
2018-01-17,41.94375991821289
2018-01-18,41.981224060058594
2018-01-19,41.793880462646484
2018-01-22,41.451961517333984
2018-01-23,41.461326599121094
2018-01-24,40.80091094970703
2018-01-25,40.072566986083984
2018-01-26,40.1662483215332
2018-01-29,39.33486557006836
2018-01-30,39.103023529052734
2018-01-31,39.21074295043945
2018-02-01,39.292701721191406
2018-02-02,37.58778762817383
2018-02-05,36.648685455322266
2018-02-06,38.180294036865234
2018-02-07,37.36295700073242
2018-02-08,36.334869384765625
2018-02-09,36.779296875
2018-02-12,38.26071548461914
2018-02-13,38.64400863647461
2018-02-14,39.35649490356445
2018-02-15,40.678035736083984
2018-02-16,40.546348571777344
2018-02-20,40.40995788574219
2018-02-21,40.22653579711914
2018-02-22,40.56279373168945
2018-02-23,41.26824951171875
2018-02-26,42.084205627441406
2018-02-27,41.947818756103516
2018-02-28,41.88431930541992
2018-03-01,41.15066909790039
2018-03-02,41.43519592285156
2018-03-05,41.57862854003906
2018-03-06,41.54336166381836
2018-03-07,41.1577262878418
2018-03-08,41.60685348510742
2018-03-09,42.321693420410156
2018-03-12,42.73085021972656
2018-03-13,42.319358825683594
2018-03-14,41.95957565307617
2018-03-15,42.00894546508789
2018-03-16,41.860816955566406
2018-03-19,41.221221923828125
2018-03-20,41.20710754394531
2018-03-21,40.27357482910156
2018-03-22,39.70451736450195
2018-03-23,38.78509521484375
2018-03-26,40.62629318237305
2018-03-27,39.5845947265625
2018-03-28,39.1472282409668
2018-03-29,39.45289993286133
2018-04-02,39.19425582885742
2018-04-03,39.59634780883789
2018-04-04,40.3535270690918
2018-04-05,40.63334655761719
2018-04-06,39.593994140625
2018-04-09,39.9866943359375
2018-04-10,40.73915481567383
2018-04-11,40.54868698120117
2018-04-12,40.948448181152344
2018-04-13,41.08718490600586
2018-04-16,41.3434944152832
2018-04-17,41.91255569458008
2018-04-18,41.8184814453125
2018-04-19,40.63334655761719
2018-04-20,38.96852493286133
2018-04-23,38.85564422607422
2018-04-24,38.31480026245117
2018-04-25,38.48175048828125
2018-04-26,38.615787506103516
2018-04-27,38.16901397705078
2018-04-30,38.86034393310547
2018-05-01,39.7633171081543
2018-05-02,41.519840240478516
2018-05-03,41.595096588134766
2018-05-04,43.22700881958008
2018-05-07,43.539756774902344
2018-05-08,43.7490348815918
2018-05-09,44.05708312988281
2018-05-10,44.68727111816406
2018-05-11,44.51731491088867
2018-05-14,44.41345977783203
2018-05-15,44.00979995727539
2018-05-16,44.42052459716797
2018-05-17,44.1396369934082
2018-05-18,43.97910690307617
2018-05-21,44.290706634521484
2018-05-22,44.17976379394531
2018-05-23,44.463016510009766
2018-05-24,44.41345977783203
2018-05-25,44.51494598388672
2018-05-29,44.35443878173828
2018-05-30,44.26002502441406
2018-05-31,44.111297607421875
2018-06-01,44.906803131103516
2018-06-04,45.28212356567383
2018-06-05,45.6314811706543
2018-06-06,45.78963851928711
2018-06-07,45.66688919067383
2018-06-08,45.251441955566406
2018-06-11,45.140506744384766
2018-06-12,45.38835906982422
2018-06-13,45.01538848876953
2018-06-14,45.038997650146484
2018-06-15,44.576332092285156
2018-06-18,44.5527229309082
2018-06-19,43.83275604248047
2018-06-20,44.023963928222656
2018-06-21,43.77846908569336
2018-06-22,43.65099334716797
2018-06-25,43.00185012817383
2018-06-26,43.53533935546875
2018-06-27,43.47160339355469
2018-06-28,43.78790283203125
2018-06-29,43.69585418701172
2018-07-02,44.184486389160156
2018-07-03,43.414939880371094
2018-07-05,43.76430892944336
2018-07-06,44.370975494384766
2018-07-09,44.987056732177734
2018-07-10,44.93277359008789
2018-07-11,44.3497200012207
2018-07-12,45.093299865722656
2018-07-13,45.164100646972656
2018-07-16,45.06495666503906
2018-07-17,45.19242858886719
2018-07-18,44.94457244873047
2018-07-19,45.29393768310547
2018-07-20,45.190059661865234
2018-07-23,45.230194091796875
2018-07-24,45.558311462402344
2018-07-25,45.98793029785156
2018-07-26,45.843936920166016
2018-07-27,45.081485748291016
2018-07-30,44.828895568847656
2018-07-31,44.918609619140625
2018-08-01,47.564754486083984
2018-08-02,48.95512008666992
2018-08-03,49.09675979614258
2018-08-06,49.351688385009766
2018-08-07,48.8890266418457
2018-08-08,48.92207336425781
2018-08-09,49.30684280395508
2018-08-10,49.15997314453125
2018-08-13,49.47739791870117
2018-08-14,49.685855865478516
2018-08-15,49.80192184448242
2018-08-16,50.53152084350586
2018-08-17,51.540626525878906
2018-08-20,51.0384521484375
2018-08-21,50.93895721435547
2018-08-22,50.94131851196289
2018-08-23,51.045562744140625
2018-08-24,51.204261779785156
2018-08-27,51.62591552734375
2018-08-28,52.04281997680664
2018-08-29,52.819793701171875
2018-08-30,53.305397033691406
2018-08-31,53.921295166015625
2018-09-04,54.094215393066406
2018-09-05,53.74126434326172
2018-09-06,52.84821701049805
2018-09-07,52.42182922363281
2018-09-10,51.718292236328125
2018-09-11,53.02588653564453
2018-09-12,52.36735153198242
2018-09-13,53.63228988647461
2018-09-14,53.02350997924805
2018-09-17,51.61170196533203
2018-09-18,51.69697570800781
2018-09-19,51.72776794433594
2018-09-20,52.12097930908203
2018-09-21,51.55957794189453
2018-09-24,52.301025390625
2018-09-25,52.632659912109375
2018-09-26,52.21337890625
2018-09-27,53.28645706176758
2018-09-28,53.473594665527344
2018-10-01,53.83363342285156
2018-10-02,54.31214141845703
2018-10-03,54.97303771972656
2018-10-04,54.006568908691406
2018-10-05,53.130096435546875
2018-10-08,53.00693130493164
2018-10-09,53.74126434326172
2018-10-10,51.25163650512695
2018-10-11,50.7991828918457
2018-10-12,52.61370849609375
2018-10-15,51.48853302001953
2018-10-16,52.6231803894043
2018-10-17,52.395782470703125
2018-10-18,51.171104431152344
2018-10-19,51.95043182373047
2018-10-22,52.26784896850586
2018-10-23,52.76057052612305
2018-10-24,50.95079803466797
2018-10-25,52.06650924682617
2018-10-26,51.2374267578125
2018-10-29,50.275691986083984
2018-10-30,50.52677536010742
2018-10-31,51.84384536743164
2018-11-01,52.63976287841797
2018-11-02,49.14812469482422
2018-11-05,47.752899169921875
2018-11-06,48.269309997558594
2018-11-07,49.73322296142578
2018-11-08,49.559696197509766
2018-11-09,48.60411071777344
2018-11-12,46.15571975708008
2018-11-13,45.69457244873047
2018-11-14,44.40381622314453
2018-11-15,45.49965286254883
2018-11-16,46.00358963012695
2018-11-19,44.18037414550781
2018-11-20,42.06953048706055
2018-11-21,42.02199172973633
2018-11-23,40.95466995239258
2018-11-26,41.5085334777832
2018-11-27,41.41822052001953
2018-11-28,43.01084518432617
2018-11-29,42.68044662475586
2018-11-30,42.449859619140625
2018-12-03,43.93314743041992
2018-12-04,42.00060272216797
2018-12-06,41.53230667114258
2018-12-07,40.051387786865234
2018-12-10,40.31524658203125
2018-12-11,40.08466339111328
2018-12-12,40.19639587402344
2018-12-13,40.63615036010742
2018-12-14,39.33588409423828
2018-12-17,38.96982192993164
2018-12-18,39.476131439208984
2018-12-19,38.244815826416016
2018-12-20,37.279720306396484
2018-12-21,35.8297004699707
2018-12-24,34.902645111083984
2018-12-26,37.36053466796875
2018-12-27,37.118064880371094
2018-12-28,37.137088775634766
2018-12-31,37.49604034423828
2019-01-02,37.538818359375
2019-01-03,33.79967498779297
2019-01-04,35.242557525634766
2019-01-07,35.16410827636719
2019-01-08,35.83445739746094
2019-01-09,36.44297790527344
2019-01-10,36.55946350097656
2019-01-11,36.20051574707031
2019-01-14,35.656166076660156
2019-01-15,36.38593673706055
2019-01-16,36.83045196533203
2019-01-17,37.049137115478516
2019-01-18,37.27735137939453
2019-01-22,36.44060134887695
2019-01-23,36.587989807128906
2019-01-24,36.29798126220703
2019-01-25,37.500789642333984
2019-01-28,37.15373229980469
2019-01-29,36.76865005493164
2019-01-30,39.281219482421875
2019-01-31,39.5640869140625
2019-02-01,39.58311462402344
2019-02-04,40.707462310791016
2019-02-05,41.4039421081543
2019-02-06,41.41822052001953
2019-02-07,40.6337776184082
2019-02-08,40.681522369384766
2019-02-11,40.44755554199219
2019-02-12,40.796104431152344
2019-02-13,40.62661361694336
2019-02-14,40.77463150024414
2019-02-15,40.68390655517578
2019-02-19,40.80565643310547
2019-02-20,41.06825256347656
2019-02-21,40.836692810058594
2019-02-22,41.29267120361328
2019-02-25,41.59346008300781
2019-02-26,41.61732864379883
2019-02-27,41.74624252319336
2019-02-28,41.33562469482422
2019-03-01,41.770111083984375
2019-03-04,41.98019790649414
2019-03-05,41.90380096435547
2019-03-06,41.66267776489258
2019-03-07,41.18046569824219
2019-03-08,41.27833938598633
2019-03-11,42.708316802978516
2019-03-12,43.18815231323242
2019-03-13,43.379146575927734
2019-03-14,43.86137008666992
2019-03-15,44.43192672729492
2019-03-18,44.88551330566406
2019-03-19,44.52979278564453
2019-03-20,44.91893768310547
2019-03-21,46.57331085205078
2019-03-22,45.608856201171875
2019-03-25,45.057395935058594
2019-03-26,44.59187316894531
2019-03-27,44.99293518066406
2019-03-28,45.05261993408203
2019-03-29,45.34625244140625
2019-04-01,45.65422058105469
2019-04-02,46.317867279052734
2019-04-03,46.6353759765625
2019-04-04,46.716548919677734
2019-04-05,47.02927780151367
2019-04-08,47.76932907104492
2019-04-09,47.62608337402344
2019-04-10,47.89347457885742
2019-04-11,47.49479675292969
2019-04-12,47.47569274902344
2019-04-15,47.56163024902344
2019-04-16,47.5664176940918
2019-04-17,48.49266815185547
2019-04-18,48.66694259643555
2019-04-22,48.82689666748047
2019-04-23,49.5311393737793
2019-04-24,49.45475387573242
2019-04-25,49.00593948364258
2019-04-26,48.77199935913086
2019-04-29,48.84599685668945
2019-04-30,47.9054069519043
2019-05-01,50.25687026977539
2019-05-02,49.929813385009766
2019-05-03,50.55050277709961
2019-05-06,49.769866943359375
2019-05-07,48.428218841552734
2019-05-08,48.43777084350586
2019-05-09,47.917335510253906
2019-05-10,47.253517150878906
2019-05-13,44.50717544555664
2019-05-14,45.21173095703125
2019-05-15,45.753334045410156
2019-05-16,45.552032470703125
2019-05-17,45.293216705322266
2019-05-20,43.876895904541016
2019-05-21,44.71806716918945
2019-05-22,43.802608489990234
2019-05-23,43.05491638183594
2019-05-24,42.88954544067383
2019-05-28,42.71223068237305
2019-05-29,42.50851058959961
2019-05-30,42.729000091552734
2019-05-31,41.954952239990234
2019-06-03,41.530757904052734
2019-06-04,43.050113677978516
2019-06-05,43.745086669921875
2019-06-06,44.38734436035156
2019-06-07,45.56880569458008
2019-06-10,46.15115737915039
2019-06-11,46.68555450439453
2019-06-12,46.5369758605957
2019-06-13,46.52738571166992
2019-06-14,46.18949508666992
2019-06-17,46.465084075927734
2019-06-18,47.557861328125
2019-06-19,47.41887664794922
2019-06-20,47.7999267578125
2019-06-21,47.636966705322266
2019-06-24,47.58903884887695
2019-06-25,46.86769104003906
2019-06-26,47.88140106201172
2019-06-27,47.86701583862305
2019-06-28,47.43086624145508
2019-07-01,48.30078125
2019-07-02,48.583560943603516
2019-07-03,48.986167907714844
2019-07-05,48.943031311035156
2019-07-08,47.93412399291992
2019-07-09,48.22649002075195
2019-07-10,48.7033805847168
2019-07-11,48.34871292114258
2019-07-12,48.72016143798828
2019-07-15,49.17789077758789
2019-07-16,49.00774383544922
2019-07-17,48.73215103149414
2019-07-18,49.28572082519531
2019-07-19,48.55001449584961
2019-07-22,49.65958023071289
2019-07-23,50.04780960083008
2019-07-24,50.007049560546875
2019-07-25,49.61164855957031
2019-07-26,49.78419494628906
2019-07-29,50.249114990234375
2019-07-30,50.033424377441406
2019-07-31,51.05431365966797
2019-08-01,49.949546813964844
2019-08-02,48.89270782470703
2019-08-05,46.33327865600586
2019-08-06,47.21038818359375
2019-08-07,47.69926834106445
2019-08-08,48.75131607055664
2019-08-09,48.34959030151367
2019-08-12,48.226905822753906
2019-08-13,50.269229888916016
2019-08-14,48.772972106933594
2019-08-15,48.53000259399414
2019-08-16,49.67506408691406
2019-08-19,50.60120391845703
2019-08-20,50.60361099243164
2019-08-21,51.152069091796875
2019-08-22,51.10877227783203
2019-08-23,48.74650955200195
2019-08-26,49.67266082763672
2019-08-27,49.112152099609375
2019-08-28,49.44171142578125
2019-08-29,50.27885437011719
2019-08-30,50.21390151977539
2019-09-03,49.482608795166016
2019-09-04,50.3221549987793
2019-09-05,51.306034088134766
2019-09-06,51.30120849609375
2019-09-09,51.52012252807617
2019-09-10,52.12873077392578
2019-09-11,53.78618240356445
2019-09-12,53.6658935546875
2019-09-13,52.62187576293945
2019-09-16,52.89851760864258
2019-09-17,53.090965270996094
2019-09-18,53.58892059326172
2019-09-19,53.15350341796875
2019-09-20,52.37651062011719
2019-09-23,52.61465835571289
2019-09-24,52.3644905090332
2019-09-25,53.17034912109375
2019-09-26,52.896114349365234
2019-09-27,52.63872146606445
2019-09-30,53.87758255004883
2019-10-01,54.02672576904297
2019-10-02,52.67239761352539
2019-10-03,53.119834899902344
2019-10-04,54.60887908935547
2019-10-07,54.620914459228516
2019-10-08,53.98102569580078
2019-10-09,54.61370086669922
2019-10-10,55.34979248046875
2019-10-11,56.82200622558594
2019-10-14,56.74021530151367
2019-10-15,56.607906341552734
2019-10-16,56.3793830871582
2019-10-17,56.59828567504883
2019-10-18,56.8701171875
2019-10-21,57.85639953613281
2019-10-22,57.724098205566406
2019-10-23,58.498687744140625
2019-10-24,58.594913482666016
2019-10-25,59.31658172607422
2019-10-28,59.91075897216797
2019-10-29,58.525146484375
2019-10-30,58.51792526245117
2019-10-31,59.84099578857422
2019-11-01,61.539337158203125
2019-11-04,61.94346237182617
2019-11-05,61.854469299316406
2019-11-06,61.88093185424805
2019-11-07,62.59510803222656
2019-11-08,62.76640701293945
2019-11-11,63.263458251953125
2019-11-12,63.205543518066406
2019-11-13,63.8111686706543
2019-11-14,63.36961364746094
2019-11-15,64.12242126464844
2019-11-18,64.44572448730469
2019-11-19,64.25028228759766
2019-11-20,63.502323150634766
2019-11-21,63.21760559082031
2019-11-22,63.162109375
2019-11-25,64.26958465576172
2019-11-26,63.76773452758789
2019-11-27,64.62425231933594
2019-11-29,64.48190307617188
2019-12-02,63.73636245727539
2019-12-03,62.59994125366211
2019-12-04,63.152469635009766
2019-12-05,64.0789566040039
2019-12-06,65.31675720214844
2019-12-09,64.40229797363281
2019-12-10,64.7786865234375
2019-12-11,65.3311996459961
2019-12-12,65.49769592285156
2019-12-13,66.38800811767578
2019-12-16,67.52445220947266
2019-12-17,67.65715789794922
2019-12-18,67.49549102783203
2019-12-19,67.56305694580078
2019-12-20,67.42310333251953
2019-12-23,68.52334594726562
2019-12-24,68.58847045898438
2019-12-26,69.94933319091797
2019-12-27,69.92276763916016
2019-12-30,70.33775329589844
2019-12-31,70.85169982910156
2020-01-02,72.46825408935547
2020-01-03,71.76373291015625
2020-01-06,72.33555603027344
2020-01-07,71.99537658691406
2020-01-08,73.15351104736328
2020-01-09,74.70735168457031
2020-01-10,74.876220703125
2020-01-13,76.4759292602539
2020-01-14,75.44325256347656
2020-01-15,75.11990356445312
2020-01-16,76.06090545654297
2020-01-17,76.90298461914062
2020-01-21,76.3818130493164
2020-01-22,76.65444946289062
2020-01-23,77.02362060546875
2020-01-24,76.80164337158203
2020-01-27,74.54326629638672
2020-01-28,76.65205383300781
2020-01-29,78.25654602050781
2020-01-30,78.14315795898438
2020-01-31,74.6783676147461
2020-02-03,74.47331237792969
2020-02-04,76.93192291259766
2020-02-05,77.55925750732422
2020-02-06,78.46649169921875
2020-02-07,77.39990234375
2020-02-10,77.76751708984375
2020-02-11,77.29830169677734
2020-02-12,79.13397979736328
2020-02-13,78.57046508789062
2020-02-14,78.58985900878906
2020-02-18,77.15078735351562
2020-02-19,78.2681655883789
2020-02-20,77.46517944335938
2020-02-21,75.71175384521484
2020-02-24,72.11543273925781
2020-02-25,69.6727294921875
2020-02-26,70.77798461914062
2020-02-27,66.1513671875
2020-02-28,66.11266326904297
2020-03-02,72.26779174804688
2020-03-03,69.97262573242188
2020-03-04,73.21827697753906
2020-03-05,70.8432846069336
2020-03-06,69.9024887084961
2020-03-09,64.37377166748047
2020-03-10,69.01004791259766
2020-03-11,66.61329650878906
2020-03-12,60.034915924072266
2020-03-13,67.22760772705078
2020-03-16,58.5789794921875
2020-03-17,61.15469741821289
2020-03-18,59.657630920410156
2020-03-19,59.200531005859375
2020-03-20,55.44215774536133
2020-03-23,54.26433181762695
2020-03-24,59.70842742919922
2020-03-25,59.37950897216797
2020-03-26,62.50422668457031
2020-03-27,59.916412353515625
2020-03-30,61.62630081176758
2020-03-31,61.50054168701172
2020-04-01,58.26457214355469
2020-04-02,59.2368049621582
2020-04-03,58.385494232177734
2020-04-06,63.47888946533203
2020-04-07,62.743656158447266
2020-04-08,64.34954833984375
2020-04-09,64.81392669677734
2020-04-13,66.08607482910156
2020-04-14,69.42362213134766
2020-04-15,68.78996276855469
2020-04-16,69.3365707397461
2020-04-17,68.39575958251953
2020-04-20,66.9760971069336
2020-04-21,64.90579986572266
2020-04-22,66.77534484863281
2020-04-23,66.51654052734375
2020-04-24,68.4368667602539
2020-04-27,68.4852523803711
2020-04-28,67.37513732910156
2020-04-29,69.58808135986328
2020-04-30,71.05612182617188
2020-05-01,69.91217041015625
2020-05-04,70.90135192871094
2020-05-05,71.96548461914062
2020-05-06,72.70796203613281
2020-05-07,73.46012115478516
2020-05-08,75.2086181640625
2020-05-11,76.39205169677734
2020-05-12,75.51901245117188
2020-05-13,74.607177734375
2020-05-14,75.06550598144531
2020-05-15,74.62174224853516
2020-05-18,76.37992095947266
2020-05-19,75.93852996826172
2020-05-20,77.41541290283203
2020-05-21,76.8382568359375
2020-05-22,77.33297729492188
2020-05-26,76.80915069580078
2020-05-27,77.14379119873047
2020-05-28,77.17777252197266
2020-05-29,77.10256958007812
2020-06-01,78.05077362060547
2020-06-02,78.41211700439453
2020-06-03,78.8437728881836
2020-06-04,78.16477966308594
2020-06-05,80.39095306396484
2020-06-08,80.86627197265625
2020-06-09,83.41986846923828
2020-06-10,85.56607818603516
2020-06-11,81.4579849243164
2020-06-12,82.1612548828125
2020-06-15,83.17736053466797
2020-06-16,85.38174438476562
2020-06-17,85.26293182373047
2020-06-18,85.2968978881836
2020-06-19,84.8094482421875
2020-06-22,87.02837371826172
2020-06-23,88.88599395751953
2020-06-24,87.31694793701172
2020-06-25,88.47615051269531
2020-06-26,85.75764465332031
2020-06-29,87.73407745361328
2020-06-30,88.46644592285156
2020-07-01,88.29914093017578
2020-07-02,88.29914093017578
2020-07-06,90.6611328125
2020-07-07,90.37982940673828
2020-07-08,92.48477172851562
2020-07-09,92.88249969482422
2020-07-10,93.04497528076172
2020-07-13,92.61572265625
2020-07-14,94.14839935302734
2020-07-15,94.79586029052734
2020-07-16,93.62940216064453
2020-07-17,93.44024658203125
2020-07-20,95.40940856933594
2020-07-21,94.09261322021484
2020-07-22,94.35694885253906
2020-07-23,90.0621337890625
2020-07-24,89.83904266357422
2020-07-27,91.96822357177734
2020-07-28,90.45742797851562
2020-07-29,92.19133758544922
2020-07-30,93.306884765625
2020-07-31,103.0750503540039
2020-08-03,105.67228698730469
2020-08-04,106.37799835205078
2020-08-05,106.76355743408203
2020-08-06,110.48846435546875
2020-08-07,107.97643280029297
2020-08-10,109.54586029052734
2020-08-11,106.28797149658203
2020-08-12,109.82039642333984
2020-08-13,111.76394653320312
2020-08-14,111.66432189941406
2020-08-17,111.37277221679688
2020-08-18,112.30084228515625
2020-08-19,112.44174194335938
2020-08-20,114.93678283691406
2020-08-21,120.8597640991211
2020-08-24,122.3052749633789
2020-08-25,121.30188751220703
2020-08-26,122.95149993896484
2020-08-27,121.48170471191406
2020-08-28,121.2848892211914
2020-08-31,125.39793395996094
2020-09-01,130.39285278320312
2020-09-02,127.69131469726562
2020-09-03,117.46826171875
2020-09-04,117.54598999023438
2020-09-08,109.63571166992188
2020-09-09,114.00872039794922
2020-09-10,110.28683471679688
2020-09-11,108.83889770507812
2020-09-14,112.10406494140625
2020-09-15,112.27896881103516
2020-09-16,108.96520233154297
2020-09-17,107.22572326660156
2020-09-18,103.82451629638672
2020-09-21,106.97308349609375
2020-09-22,108.65425109863281
2020-09-23,104.09661865234375
2020-09-24,105.16558837890625
2020-09-25,109.11099243164062
2020-09-28,111.71534729003906
2020-09-29,110.8698959350586
2020-09-30,112.5413589477539
2020-10-01,113.49370574951172
2020-10-02,109.83007049560547
2020-10-05,113.21187591552734
2020-10-06,109.96613311767578
2020-10-07,111.83196258544922
2020-10-08,111.72506713867188
2020-10-09,113.6686019897461
2020-10-12,120.88890075683594
2020-10-13,117.68204498291016
2020-10-14,117.76952362060547
2020-10-15,117.30305480957031
2020-10-16,115.66075134277344
2020-10-19,112.70655822753906
2020-10-20,114.19337463378906
2020-10-21,113.57141876220703
2020-10-22,112.4830551147461
2020-10-23,111.79307556152344
2020-10-26,111.80280303955078
2020-10-27,113.30902862548828
2020-10-28,108.06146240234375
2020-10-29,112.06519317626953
2020-10-30,105.78751373291016
2020-11-02,105.70003509521484
2020-11-03,107.32291412353516
2020-11-04,111.70561981201172
2020-11-05,115.67048645019531
2020-11-06,115.53904724121094
2020-11-09,113.23197174072266
2020-11-10,112.89126586914062
2020-11-11,116.31780242919922
2020-11-12,116.04524230957031
2020-11-13,116.09391784667969
2020-11-16,117.10633087158203
2020-11-17,116.220458984375
2020-11-18,114.89656829833984
2020-11-19,115.49038696289062
2020-11-20,114.22489166259766
2020-11-23,110.82755279541016
2020-11-24,112.11249542236328
2020-11-25,112.94969177246094
2020-11-27,113.49481201171875
2020-11-30,115.8895034790039
2020-12-01,119.46206665039062
2020-12-02,119.81250762939453
2020-12-03,119.67622375488281
2020-12-04,119.00454711914062
2020-12-07,120.46472930908203
2020-12-08,121.07798767089844
2020-12-09,118.54700469970703
2020-12-10,119.96825408935547
2020-12-11,119.1603012084961
2020-12-14,118.54700469970703
2020-12-15,124.4850845336914
2020-12-16,124.41693115234375
2020-12-17,125.28329467773438
2020-12-18,123.29747772216797
2020-12-21,124.8257827758789
2020-12-22,128.37889099121094
2020-12-23,127.48326110839844
2020-12-24,128.4664764404297
2020-12-28,133.0612030029297
2020-12-29,131.28948974609375
2020-12-30,130.17002868652344
2020-12-31,129.16737365722656
2021-01-04,125.97444915771484
2021-01-05,127.531982421875
2021-01-06,123.23905944824219
2021-01-07,127.44438171386719
2021-01-08,128.5443878173828
2021-01-11,125.55587768554688
2021-01-12,125.38066101074219
2021-01-13,127.41514587402344
2021-01-14,125.48775482177734
2021-01-15,123.76471710205078
2021-01-19,124.43641662597656
2021-01-20,128.52488708496094
2021-01-21,133.2363739013672
2021-01-22,135.37802124023438
2021-01-25,139.12579345703125
2021-01-26,139.35940551757812
2021-01-27,138.28863525390625
2021-01-28,133.45057678222656
2021-01-29,128.456787109375
2021-02-01,130.57891845703125
2021-02-02,131.40634155273438
2021-02-03,130.3842010498047
2021-02-04,133.7426300048828
2021-02-05,133.32826232910156
2021-02-08,133.4745330810547
2021-02-09,132.59710693359375
2021-02-10,131.99264526367188
2021-02-11,131.73916625976562
2021-02-12,131.97312927246094
2021-02-16,129.84786987304688
2021-02-17,127.55680847167969
2021-02-18,126.4552001953125
2021-02-19,126.61114501953125
2021-02-22,122.83827209472656
2021-02-23,122.70178985595703
2021-02-24,122.20458221435547
2021-02-25,117.95399475097656
2021-02-26,118.21720886230469
2021-03-01,124.58333587646484
2021-03-02,121.98036193847656
2021-03-03,118.99715423583984
2021-03-04,117.11557006835938
2021-03-05,118.37319946289062
2021-03-08,113.440185546875
2021-03-09,118.0514907836914
2021-03-10,116.9693374633789
2021-03-11,118.89965057373047
2021-03-12,117.99298095703125
2021-03-15,120.87871551513672
2021-03-16,122.41907501220703
2021-03-17,121.62937927246094
2021-03-18,117.50554656982422
2021-03-19,116.97907257080078
2021-03-22,120.29376983642578
2021-03-23,119.465087890625
2021-03-24,117.07656860351562
2021-03-25,117.56403350830078
2021-03-26,118.16847229003906
2021-03-29,118.34394836425781
2021-03-30,116.89136505126953
2021-03-31,119.08486938476562
2021-04-01,119.91354370117188
2021-04-05,122.74077606201172
2021-04-06,123.04300689697266
2021-04-07,124.69059753417969
2021-04-08,127.08883666992188
2021-04-09,129.66261291503906
2021-04-12,127.94678497314453
2021-04-13,131.0567169189453
2021-04-14,128.71694946289062
2021-04-15,131.12496948242188
2021-04-16,130.79348754882812
2021-04-19,131.45645141601562
2021-04-20,129.76988220214844
2021-04-21,130.15008544921875
2021-04-22,128.6292266845703
2021-04-23,130.94947814941406
2021-04-26,131.33946228027344
2021-04-27,131.01776123046875
2021-04-28,130.22802734375
2021-04-29,130.1305694580078
2021-04-30,128.1612548828125
2021-05-03,129.21417236328125
2021-05-04,124.64185333251953
2021-05-05,124.8855972290039
2021-05-06,126.48443603515625
2021-05-07,127.15827941894531
2021-05-10,123.87699127197266
2021-05-11,122.95904541015625
2021-05-12,119.89263153076172
2021-05-13,122.04107666015625
2021-05-14,124.46293640136719
2021-05-17,123.31060028076172
2021-05-18,121.92389678955078
2021-05-19,121.76763916015625
2021-05-20,124.32621002197266
2021-05-21,122.49028015136719
2021-05-24,124.12113952636719
2021-05-25,123.92582702636719
2021-05-26,123.87699127197266
2021-05-27,122.34380340576172
2021-05-28,121.68950653076172
2021-06-01,121.36724090576172
2021-06-02,122.12895965576172
2021-06-03,120.64458465576172
2021-06-04,122.93950653076172
2021-06-07,122.94926452636719
2021-06-08,123.76957702636719
2021-06-09,124.15042877197266
2021-06-10,123.15435028076172
2021-06-11,124.36528015136719
2021-06-14,127.42191314697266
2021-06-15,126.60160064697266
2021-06-16,127.09966278076172
2021-06-17,128.7012176513672
2021-06-18,127.40238189697266
2021-06-21,129.1992645263672
2021-06-22,130.8398895263672
2021-06-23,130.56646728515625
2021-06-24,130.28321838378906
2021-06-25,129.9903106689453
2021-06-28,131.62115478515625
2021-06-29,133.13482666015625
2021-06-30,133.7500762939453
2021-07-01,134.05279541015625
2021-07-02,136.6797637939453
2021-07-06,138.69142150878906
2021-07-07,141.18170166015625
2021-07-08,139.88284301757812
2021-07-09,141.70899963378906
2021-07-12,141.1133575439453
2021-07-13,142.2266387939453
2021-07-14,145.65432739257812
2021-07-15,145.0000762939453
2021-07-16,142.95904541015625
2021-07-19,139.11138916015625
2021-07-20,142.72467041015625
2021-07-21,141.9922332763672
2021-07-22,143.3594207763672
2021-07-23,145.0782012939453
2021-07-26,145.4980926513672
2021-07-27,143.33016967773438
2021-07-28,141.5820770263672
2021-07-29,142.2266387939453
2021-07-30,142.44146728515625
2021-08-02,142.1094512939453
2021-08-03,143.9062957763672
2021-08-04,143.50592041015625
2021-08-05,143.61331176757812
2021-08-06,142.92874145507812
2021-08-09,142.8798370361328
2021-08-10,142.40060424804688
2021-08-11,142.65487670898438
2021-08-12,145.61830139160156
2021-08-13,145.82371520996094
2021-08-16,147.79930114746094
2021-08-17,146.88975524902344
2021-08-18,143.14389038085938
2021-08-19,143.47642517089844
2021-08-20,144.93368530273438
2021-08-23,146.42031860351562
2021-08-24,146.33224487304688
2021-08-25,145.0999298095703
2021-08-26,144.2979736328125
2021-08-27,145.3346710205078
2021-08-30,149.75534057617188
2021-08-31,148.4936981201172
2021-09-01,149.1587371826172
2021-09-02,150.27371215820312
2021-09-03,150.90940856933594
2021-09-07,153.2469024658203
2021-09-08,151.70159912109375
2021-09-09,150.68443298339844
2021-09-10,145.6965789794922
2021-09-13,146.2637939453125
2021-09-14,144.8651580810547
2021-09-15,145.7552490234375
2021-09-16,145.52049255371094
2021-09-17,142.85047912597656
2021-09-20,139.79905700683594
2021-09-21,140.2782745361328
2021-09-22,142.6450958251953
2021-09-23,143.60357666015625
2021-09-24,143.6915740966797
2021-09-27,142.17562866210938
2021-09-28,138.7916717529297
2021-09-29,139.69146728515625
2021-09-30,138.39068603515625
2021-10-01,139.51541137695312
2021-10-04,136.08253479003906
2021-10-05,138.00921630859375
2021-10-06,138.8796844482422
2021-10-07,140.14132690429688
2021-10-08,139.75990295410156
2021-10-11,139.67189025878906
2021-10-12,138.40042114257812
2021-10-13,137.8136749267578
2021-10-14,140.60101318359375
2021-10-15,141.65728759765625
2021-10-18,143.32974243164062
2021-10-19,145.4911651611328
2021-10-20,145.98016357421875
2021-10-21,146.1953125
2021-10-22,145.4227294921875
2021-10-25,145.373779296875
2021-10-26,146.03884887695312
2021-10-27,145.57916259765625
2021-10-28,149.21742248535156
2021-10-29,146.50828552246094
2021-11-01,145.68673706054688
2021-11-02,146.72349548339844
2021-11-03,148.1611328125
2021-11-04,147.642822265625
2021-11-05,148.1717071533203
2021-11-08,147.3489532470703
2021-11-09,147.71139526367188
2021-11-10,144.88076782226562
2021-11-11,144.831787109375
2021-11-12,146.90823364257812
2021-11-15,146.91802978515625
2021-11-16,147.8974609375
2021-11-17,150.3363037109375
2021-11-18,154.62631225585938
2021-11-19,157.25123596191406
2021-11-22,157.7115936279297
2021-11-23,158.0935821533203
2021-11-24,158.61276245117188
2021-11-26,153.5880889892578
2021-11-29,156.94760131835938
2021-11-30,161.90367126464844
2021-12-01,161.3845672607422
2021-12-02,160.39529418945312
2021-12-03,158.5147247314453
2021-12-06,161.9232635498047
2021-12-07,167.66281127929688
2021-12-08,171.48272705078125
2021-12-09,170.9733428955078
2021-12-10,175.7628936767578
2021-12-13,172.12916564941406
2021-12-14,170.74810791015625
2021-12-15,175.61602783203125
2021-12-16,168.7206268310547
2021-12-17,167.62368774414062
2021-12-20,166.26220703125
2021-12-21,169.4356231689453
2021-12-22,172.0312042236328
2021-12-23,172.65805053710938
2021-12-27,176.62486267089844
2021-12-28,175.606201171875
2021-12-29,175.69436645507812
2021-12-30,174.53857421875
2021-12-31,173.92156982421875
2022-01-03,178.2703399658203
2022-01-04,176.00779724121094
2022-01-05,171.3260040283203
2022-01-06,168.46595764160156
2022-01-07,168.63247680664062
2022-01-10,168.652099609375
2022-01-11,171.48272705078125
2022-01-12,171.9234619140625
2022-01-13,168.652099609375
2022-01-14,169.51402282714844
2022-01-18,166.31118774414062
2022-01-19,162.81454467773438
2022-01-20,161.12986755371094
2022-01-21,159.07302856445312
2022-01-24,158.2992706298828
2022-01-25,156.49705505371094
2022-01-26,156.40890502929688
2022-01-27,155.94857788085938
2022-01-28,166.830322265625
2022-01-31,171.1888427734375
2022-02-01,171.02235412597656
2022-02-02,172.22706604003906
2022-02-03,169.34750366210938
2022-02-04,169.06312561035156
2022-02-07,168.34719848632812
2022-02-08,171.45602416992188
2022-02-09,172.87803649902344
2022-02-10,168.79830932617188
2022-02-11,165.38548278808594
2022-02-14,165.62083435058594
2022-02-15,169.45538330078125
2022-02-16,169.2200164794922
2022-02-17,165.62083435058594
2022-02-18,164.07135009765625
2022-02-22,161.14886474609375
2022-02-23,156.98086547851562
2022-02-24,159.59930419921875
2022-02-25,161.66860961914062
2022-02-28,161.93341064453125
2022-03-01,160.05044555664062
2022-03-02,163.34561157226562
2022-03-03,163.02198791503906
2022-03-04,160.02102661132812
2022-03-07,156.22573852539062
2022-03-08,154.401611328125
2022-03-09,159.80526733398438
2022-03-10,155.46080017089844
2022-03-11,151.7439422607422
2022-03-14,147.7132110595703
2022-03-15,152.09695434570312
2022-03-16,156.51011657714844
2022-03-17,157.5202178955078
2022-03-18,160.8153839111328
2022-03-21,162.18841552734375
2022-03-22,165.56199645996094
2022-03-23,166.92515563964844
2022-03-24,170.710693359375
2022-03-25,171.34814453125
2022-03-28,172.2111358642578
2022-03-29,175.50631713867188
2022-03-30,174.3393096923828
2022-03-31,171.24024963378906
2022-04-01,170.946044921875
2022-04-04,174.996337890625
2022-04-05,171.6815643310547
2022-04-06,168.51390075683594
2022-04-07,168.8179168701172
2022-04-08,166.8074951171875
2022-04-11,162.55125427246094
2022-04-12,164.42440795898438
2022-04-13,167.11151123046875
2022-04-14,162.10012817382812
2022-04-18,161.88436889648438
2022-04-19,164.1693878173828
2022-04-20,164.00267028808594
2022-04-21,163.2083282470703
2022-04-22,158.66766357421875
2022-04-25,159.73663330078125
2022-04-26,153.77394104003906
2022-04-27,153.54840087890625
2022-04-28,160.48196411132812
2022-04-29,154.60755920410156
2022-05-02,154.91160583496094
2022-05-03,156.40223693847656
2022-05-04,162.8160400390625
2022-05-05,153.74453735351562
2022-05-06,154.47132873535156
2022-05-09,149.3445587158203
2022-05-10,151.7507781982422
2022-05-11,143.8838348388672
2022-05-12,140.01422119140625
2022-05-13,144.48294067382812
2022-05-16,142.9409637451172
2022-05-17,146.5749053955078
2022-05-18,138.30528259277344
2022-05-19,134.89723205566406
2022-05-20,135.13294982910156
2022-05-23,140.55438232421875
2022-05-24,137.8534698486328
2022-05-25,138.0106201171875
2022-05-26,141.21238708496094
2022-05-27,146.96775817871094
2022-05-31,146.1820526123047
2022-06-01,146.05433654785156
2022-06-02,148.50970458984375
2022-06-03,142.78384399414062
2022-06-06,143.5302734375
2022-06-07,146.05433654785156
2022-06-08,145.31777954101562
2022-06-09,140.09280395507812
2022-06-10,134.68116760253906
2022-06-13,129.5249481201172
2022-06-14,130.38917541503906
2022-06-15,133.0115203857422
2022-06-16,127.7374267578125
2022-06-17,129.2106475830078
2022-06-21,133.44363403320312
2022-06-22,132.93295288085938
2022-06-23,135.80079650878906
2022-06-24,139.13026428222656
2022-06-27,139.13026428222656
2022-06-28,134.9856414794922
2022-06-29,136.74365234375
2022-06-30,134.27845764160156
2022-07-01,136.44900512695312
2022-07-05,139.03207397460938
2022-07-06,140.3677520751953
2022-07-07,143.73651123046875
2022-07-08,144.41416931152344
2022-07-11,142.282958984375
2022-07-12,143.25526428222656
2022-07-13,142.89187622070312
2022-07-14,145.81863403320312
2022-07-15,147.48829650878906
2022-07-18,144.4436798095703
2022-07-19,148.30345153808594
2022-07-20,150.30702209472656
2022-07-21,152.57579040527344
2022-07-22,151.33828735351562
2022-07-25,150.21865844726562
2022-07-26,148.89276123046875
2022-07-27,153.9900665283203
2022-07-28,154.54005432128906
2022-07-29,159.60794067382812
2022-08-01,158.62579345703125
2022-08-02,157.15257263183594
2022-08-03,163.16329956054688
2022-08-04,162.8489990234375
2022-08-05,162.622802734375
2022-08-08,162.1507110595703
2022-08-09,162.19985961914062
2022-08-10,166.4486541748047
2022-08-11,165.7109832763672
2022-08-12,169.26145935058594
2022-08-15,170.33349609375
2022-08-16,170.17611694335938
2022-08-17,171.67105102539062
2022-08-18,171.27764892578125
2022-08-19,168.69102478027344
2022-08-22,164.8061981201172
2022-08-23,164.47178649902344
2022-08-24,164.76683044433594
2022-08-25,167.22564697265625
2022-08-26,160.9213409423828
2022-08-29,158.71826171875
2022-08-30,156.28903198242188
2022-08-31,154.6269073486328
2022-09-01,155.35467529296875
2022-09-02,153.24012756347656
2022-09-06,151.9812469482422
2022-09-07,153.38766479492188
2022-09-08,151.91241455078125
2022-09-09,154.7744140625
2022-09-12,160.73446655273438
2022-09-13,151.30264282226562
2022-09-14,152.74838256835938
2022-09-15,149.8568878173828
2022-09-16,148.2144012451172
2022-09-19,151.93206787109375
2022-09-20,154.31216430664062
2022-09-21,151.1846160888672
2022-09-22,150.22079467773438
2022-09-23,147.94883728027344
2022-09-26,148.2832489013672
2022-09-27,149.25689697265625
2022-09-28,147.3686065673828
2022-09-29,140.12998962402344
2022-09-30,135.9205780029297
2022-10-03,140.10047912597656
2022-10-04,143.6903076171875
2022-10-05,143.98532104492188
2022-10-06,143.03134155273438
2022-10-07,137.77943420410156
2022-10-10,138.10398864746094
2022-10-11,136.68772888183594
2022-10-12,136.05828857421875
2022-10-13,140.63160705566406
2022-10-14,136.0976104736328
2022-10-17,140.0611572265625
2022-10-18,141.37904357910156
2022-10-19,141.48724365234375
2022-10-20,141.02499389648438
2022-10-21,144.8410186767578
2022-10-24,146.9850616455078
2022-10-25,149.82737731933594
2022-10-26,146.88668823242188
2022-10-27,142.4117431640625
2022-10-28,153.17127990722656
2022-10-31,150.8108673095703
2022-11-01,148.16525268554688
2022-11-02,142.637939453125
2022-11-03,136.5894012451172
2022-11-04,136.32337951660156
2022-11-07,136.85536193847656
2022-11-08,137.42672729492188
2022-11-09,132.8655548095703
2022-11-10,144.68722534179688
2022-11-11,147.47518920898438
2022-11-14,146.07627868652344
2022-11-15,147.8101043701172
2022-11-16,146.57867431640625
2022-11-17,148.47999572753906
2022-11-18,149.04153442382812
2022-11-21,145.81027221679688
2022-11-22,147.94802856445312
2022-11-23,148.8247833251953
2022-11-25,145.90879821777344
2022-11-28,142.07659912109375
2022-11-29,139.0719451904297
2022-11-30,145.8299560546875
2022-12-01,146.10581970214844
2022-12-02,145.61325073242188
2022-12-05,144.45079040527344
2022-12-06,140.7860565185547
2022-12-07,138.84535217285156
2022-12-08,140.52989196777344
2022-12-09,140.04722595214844
2022-12-12,142.3425750732422
2022-12-13,143.30799865722656
2022-12-14,141.0816192626953
2022-12-15,134.47132873535156
2022-12-16,132.5109100341797
2022-12-19,130.40274047851562
2022-12-20,130.33377075195312
2022-12-21,133.4369354248047
2022-12-22,130.2648162841797
2022-12-23,129.90029907226562
2022-12-27,128.09747314453125
2022-12-28,124.16678619384766
2022-12-29,127.68372344970703
2022-12-30,127.99894714355469
2023-01-03,123.21121215820312
2023-01-04,124.4820327758789
2023-01-05,123.16192626953125
2023-01-06,127.6935806274414
2023-01-09,128.21568298339844
2023-01-10,128.7870635986328
2023-01-11,131.50608825683594
2023-01-12,131.42727661132812
2023-01-13,132.75718688964844
2023-01-17,133.91966247558594
2023-01-18,133.2005157470703
2023-01-19,133.2595977783203
2023-01-20,135.82093811035156
2023-01-23,139.0128173828125
2023-01-24,140.41172790527344
2023-01-25,139.751708984375
2023-01-26,141.82046508789062
2023-01-27,143.7611846923828
2023-01-30,140.874755859375
2023-01-31,142.14552307128906
2023-02-01,143.2686004638672
2023-02-02,148.57852172851562
2023-02-03,152.20382690429688
2023-02-06,149.47496032714844
2023-02-07,152.35159301757812
2023-02-08,149.6621551513672
2023-02-09,148.62777709960938
2023-02-10,148.99282836914062
2023-02-13,151.79489135742188
2023-02-14,151.153564453125
2023-02-15,153.25509643554688
2023-02-16,151.65676879882812
2023-02-17,150.51226806640625
2023-02-21,146.49659729003906
2023-02-22,146.92086791992188
2023-02-23,147.4043426513672
2023-02-24,144.7502899169922
2023-02-27,145.94407653808594
2023-02-28,145.44091796875
2023-03-01,143.3689727783203
2023-03-02,143.9609832763672
2023-03-03,149.01258850097656
2023-03-06,151.77517700195312
2023-03-07,149.57493591308594
2023-03-08,150.82797241210938
2023-03-09,148.5784149169922
2023-03-10,146.516357421875
2023-03-13,148.46005249023438
2023-03-14,150.55172729492188
2023-03-15,150.9463653564453
2023-03-16,153.76817321777344
2023-03-17,152.92953491210938
2023-03-20,155.2974853515625
2023-03-21,157.15235900878906
2023-03-22,155.7217254638672
2023-03-23,156.80703735351562
2023-03-24,158.10940551757812
2023-03-27,156.1657257080078
2023-03-28,155.54412841796875
2023-03-29,158.62245178222656
2023-03-30,160.19119262695312
2023-03-31,162.69729614257812
2023-04-03,163.95030212402344
2023-04-04,163.41754150390625
2023-04-05,161.572509765625
2023-04-06,162.4604949951172
2023-04-10,159.86561584472656
2023-04-11,158.65208435058594
2023-04-12,157.96141052246094
2023-04-13,163.34844970703125
2023-04-14,163.00314331054688
2023-04-17,163.02288818359375
2023-04-18,164.24630737304688
2023-04-19,165.39083862304688
2023-04-20,164.42391967773438
2023-04-21,162.81570434570312
2023-04-24,163.12152099609375
2023-04-25,161.58238220214844
2023-04-26,161.572509765625
2023-04-27,166.16038513183594
2023-04-28,167.41343688964844
2023-05-01,167.32461547851562
2023-05-02,166.28863525390625
2023-05-03,165.21322631835938
2023-05-04,163.57537841796875
2023-05-05,171.25146484375
2023-05-08,171.182373046875
2023-05-09,169.47552490234375
2023-05-10,171.24159240722656
2023-05-11,171.42906188964844
2023-05-12,170.50033569335938
2023-05-15,170.00633239746094
2023-05-16,170.00633239746094
2023-05-17,170.61886596679688
2023-05-18,172.9506072998047
2023-05-19,173.05926513671875
2023-05-22,172.11077880859375
2023-05-23,169.50244140625
2023-05-24,169.77906799316406
2023-05-25,170.91531372070312
2023-05-26,173.32603454589844
2023-05-30,175.1736297607422
2023-05-31,175.1241912841797
2023-06-01,177.9301300048828
2023-06-02,178.77981567382812
2023-06-05,177.42626953125
2023-06-06,177.06068420410156
2023-06-07,175.68736267089844
2023-06-08,178.40438842773438
2023-06-09,178.78970336914062
2023-06-12,181.58575439453125
2023-06-13,181.11154174804688
2023-06-14,181.74386596679688
2023-06-15,183.77914428710938
2023-06-16,182.7022247314453
2023-06-20,182.7911376953125
2023-06-21,181.75375366210938
2023-06-22,184.7572784423828
2023-06-23,184.4411163330078
2023-06-26,183.04803466796875
2023-06-27,185.8045654296875
2023-06-28,186.98028564453125
2023-06-29,187.31622314453125
2023-06-30,191.6436767578125
2023-07-03,190.15179443359375
2023-07-05,189.0353546142578
2023-07-06,189.50958251953125
2023-07-07,188.3931121826172
2023-07-10,186.34799194335938
2023-07-11,185.8243408203125
2023-07-12,187.4940643310547
2023-07-13,188.25482177734375
2023-07-14,188.4030303955078
2023-07-17,191.6634521484375
2023-07-18,191.40655517578125
2023-07-19,192.76011657714844
2023-07-20,190.8137664794922
2023-07-21,189.63804626464844
2023-07-24,190.43832397460938
2023-07-25,191.29786682128906
2023-07-26,192.1673126220703
2023-07-27,190.90267944335938
2023-07-28,193.48138427734375
2023-07-31,194.0939178466797
2023-08-01,193.26402282714844
2023-08-02,190.27037048339844
2023-08-03,188.87725830078125
2023-08-04,179.80735778808594
2023-08-07,176.7050323486328
2023-08-08,177.64361572265625
2023-08-09,176.05291748046875
2023-08-10,175.83558654785156
2023-08-11,175.89492797851562
2023-08-14,177.54713439941406
2023-08-15,175.55856323242188
2023-08-16,174.68797302246094
2023-08-17,172.14532470703125
2023-08-18,172.630126953125
2023-08-21,173.9657440185547
2023-08-22,175.3408966064453
2023-08-23,179.18943786621094
2023-08-24,174.49996948242188
2023-08-25,176.70620727539062
2023-08-28,178.2693634033203
2023-08-29,182.157470703125
2023-08-30,185.64984130859375
2023-08-31,185.86746215820312
2023-09-01,187.44053649902344
2023-09-05,187.677978515625
2023-09-06,180.9603729248047
2023-09-07,175.6674041748047
2023-09-08,176.28079223632812
2023-09-11,177.44821166992188
2023-09-12,174.42083740234375
2023-09-13,172.3531036376953
2023-09-14,173.86680603027344
2023-09-15,173.14454650878906
2023-09-18,176.07305908203125
2023-09-19,177.1613006591797
2023-09-20,173.6194610595703
2023-09-21,172.07606506347656
2023-09-22,172.92691040039062
2023-09-25,174.20315551757812
2023-09-26,170.1270751953125
2023-09-27,168.61338806152344
2023-09-28,168.87062072753906
2023-09-29,169.3850860595703
2023-10-02,171.89801025390625
2023-10-03,170.56239318847656
2023-10-04,171.80894470214844
2023-10-05,173.045654296875
2023-10-06,175.59814453125
2023-10-09,177.0821533203125
2023-10-10,176.48854064941406
2023-10-11,177.88351440429688
2023-10-12,178.78379821777344
2023-10-13,176.94366455078125
2023-10-16,176.81503295898438
2023-10-17,175.26174926757812
2023-10-18,173.9657440185547
2023-10-19,173.58978271484375
2023-10-20,171.0372772216797
2023-10-23,171.156005859375
2023-10-24,171.59130859375
2023-10-25,169.27626037597656
2023-10-26,165.11111450195312
2023-10-27,166.42694091796875
2023-10-30,168.4748992919922
2023-10-31,168.94976806640625
2023-11-01,172.1156463623047
2023-11-02,175.67727661132812
2023-11-03,174.76707458496094
2023-11-06,177.319580078125
2023-11-07,179.88198852539062
2023-11-08,180.94058227539062
2023-11-09,180.4656982421875
2023-11-10,184.65611267089844
2023-11-13,183.07107543945312
2023-11-14,185.68641662597656
2023-11-15,186.2510528564453
2023-11-16,187.9351806640625
2023-11-17,187.91534423828125
2023-11-20,189.6588592529297
2023-11-21,188.8564453125
2023-11-22,189.52015686035156
2023-11-24,188.1927032470703
2023-11-27,188.014404296875
2023-11-28,188.6186981201172
2023-11-29,187.5983428955078
2023-11-30,188.1728973388672
2023-12-01,189.45083618164062
2023-12-04,187.65774536132812
2023-12-05,191.61044311523438
2023-12-06,190.52073669433594
2023-12-07,192.45249938964844
2023-12-08,193.8790283203125
2023-12-11,191.37271118164062
2023-12-12,192.8883819580078
2023-12-13,196.10797119140625
2023-12-14,196.2565460205078
2023-12-15,195.72161865234375
2023-12-18,194.05734252929688
2023-12-19,195.09751892089844
2023-12-20,193.0072479248047
2023-12-21,192.85862731933594
2023-12-22,191.78878784179688
2023-12-26,191.24392700195312
2023-12-27,191.3429718017578
2023-12-28,191.76893615722656
2023-12-29,190.72877502441406
